lat,lon,name,type
28.62,95.03,Yingkiong ,Level
24.48270556,76.22300556,Kalisindh Dam,Inflow
24.71289444,76.55576389,Parwan pick-up Weir,Inflow
19.81444444,79.37916667,Bamni (Ballarsha),Level
16.85638889,74.49666667,Samdoli (Seasonal),Level
29.13305556,80.2,PURNAGIRI,Level
29.28333333,80.3,RUPALIGAD,Level
17.51777778,74.14611111,Targaon,Level
17.75,77.93,Singur Reservoir,Inflow
26.55416667,77.00487222,Panchana Dam,Inflow
24.00472222,72.85416667,Dharoi Dam,Inflow
29.55555556,80.22972222,Madkote,Level
18.70388889,80.08916667,LAXMI BARRAGE,Inflow
29.53305556,80.1,RAMESHWAR,Level
29.85,80.55,DHARCHULA,Level
26.65861111,77.90361111,DHOLPUR,Level
25.19611111,75.84444444,Kota City,Level
21.14916667,79.66861111,Bhandara,Level
24.81416667,93.94805556,Minuthong_WLR,Level
17.27277778,74.16472222,Warunji,Level
24.72027778,93.94083333,Lilong_WLR,Level
24.64944444,92.60888889,Matijuri,Level
24.80722222,93.93333333,Thong Nambonbi_WLR,Level
24.71944444,93.83388889,Nambol_WLR,Level
24.64361111,93.99666667,Thoubal_WLR,Level
17.53416667,75.88472222,Wadakbal,Level
18.535,74.17472222,Mirawadi,Level
16.7375,77.12527778,Yadgir,Level
21.42833333,74.52722222,SARANGKHEDA,Level
25.48944444,75.46733611,Gudha Dam,Inflow
24.42194444,93.84111111,Ithai_WLR,Level
24.75361111,93.98083333,Irilbung_WLR,Level
17.20333333,77.15638889,Malkhed,Level
24.49361111,72.79055556,Abu Road,Level
26.28,77.28166667,Manderial,Level
23.47194444,91.26194444,Sonamura,Level
25.17638889,75.82583333,Kota Barrage,Inflow
20.87416667,76.99138889,GOPALKHEDA,Level
9.329166667,76.66388889,MALAKKARA,Level
29.7525,80.37666667,Jauljibi,Level
29.88,80.54,Dharchula,Level
16.5,79.25,Nagarjuna Sagar Dam,Inflow
23.64944444,91.23083333,GAJARIA,Level
18.23138889,73.28361111,Mangaon,Level
28.64361111,95.01694444,Yinkiang,Level
19.16222222,73.25416667,Badlapur,Level
24.01,84.47,Amanat Barrage,Inflow
14.47027778,79.98888889,Nellore CWC,Level
22.56333333,77.97611111,Tawa Reservoir,Inflow
17.91194444,75.0075,Sarati,Level
17.28638889,75.63722222,Kokangaon,Level
28.99611111,80.10861111,ID Lohaghat,Level
17.29361111,74.19,Karad,Level
17.41416667,75.84777778,Takli,Level
17.36861111,75.59416667,Shirdhon,Level
18.56833333,74.38055556,Paragaon,Level
16.68444444,74.60222222,KURUNDWAD,Level
26.07444444,84.12694444,Darauli,Level
23.72472222,85.84,Tenughat Reservoir,Inflow
25.42388889,87.23416667,Kursela,Level
26.12453333,87.49226667,Araria,Level
10.18361111,76.49555556,NEELEESWARAM,Level
28.29916667,79.36666667,Bareilly,Level
27.40138889,79.62305556,Fatehgarh,Level
9.933333333,78.11666667,Madurai,Level
23.06138889,72.58555556,Subhash Bridge,Level
20.37,72.88,VAPI,Level
24.83277778,92.79166667,Annapurnaghat,Level
26.63118056,93.73041944,Numaligarh,Level
27.08527778,88.45166667,Melli,Level
24.31611111,91.99305556,Kailashahar,Level
26.58666667,86.14555556,Jainagar,Level
26.3925,88.1575,Taibpur,Level
26.47222222,80.37861111,Kanpur,Level
21.25,73.59,Ukai Reservoir,Inflow
18.75,80.57861111,Sangampally (Chintavagu),Level
20.91694444,86.27972222,Akhuapada,Level
25.25027778,87.22611111,Kahalgaon,Level
22.81555556,86.21611111,Jamshedpur,Level
26.61583333,92.79694444,Tezpur,Level
26.16833333,92.35861111,Dharamtul,Level
21.21111111,86.12055556,Anandpur,Level
26.11944444,85.87638889,Ekmighat,Level
25.37777778,86.46194444,Munger,Level
21.7,73,Bharuch,Level
26.81111667,82.20746667,Ayodhya ,Level
26.06083056,81.02860833,Dalmau,Level
20.07,86.17,Alipingal,Level
19.51666667,84.88333333,Purusottampur,Level
26.19722222,90.63888889,Goalpara,Level
20.87888889,86.01444444,Jenapur,Level
26.14277778,85.37611111,Sikandarpur (Muzzafarpur),Level
19.08333333,83.80555556,Gunupur,Level
26.32527778,89.23444444,Mathabhanga,Level
16.93833333,81.7825,Dowlaiswaram (State Govt Site),Level
20.795,79.64944444,Pauni,Level
20.06,86.01,Nimapara,Level
26.65870833,85.013675,Lalbegiaghat,Level
25.86055556,85.80444444,Samastipur,Level
25.48722222,86.4375,Khagaria,Level
26.01,89.99,Dhubri,Level
26.86194444,80.94611111,Lucknow (Hanuman Setu),Level
26.93305556,80.03277778,Ankinghat,Level
29.98,78.19,Haridwar (Dudhia Band),Level
10.85444444,76.02,KUMBIDI,Level
28.66263056,77.24890833,Delhi Railway Bridge,Level
24.8,87.92,Farakka(FF),Level
18.63,83.22,Madduvalasa,Inflow
26.42916667,79.47805556,AURAIYA,Level
20.41,72.84,DAMAN,Level
20.61,81.56,RAVISHANKAR SAGAR DAM,Inflow
21.89,73.65,Garudeshwar,Level
24.87861111,92.35666667,Karimganj,Level
22.59388889,80.37388889,Mandla,Level
19.15,77.31,Nanded,Level
19.50972222,79.58638889,Sirpur (Town),Level
17.74361111,81.38666667,Chinturu (Tallagudem/Kummuru),Level
25.74972222,86.02111111,Rosera,Level
22.76,77.69,Hoshangabad,Level
21.2,72.82,Surat,Level
21.54166667,79.54166667,Bawanthadi Reservoir,Inflow
27.17166667,88.29944444,Rothak,Level
22.96194444,77.34277778,Kolar Reservoir,Inflow
25.26944444,87.01555556,Bhagalpur,Level
18.7375,73.11083333,Pen,Level
29.3825,77.15444444,Mawi ,Level
26.53277778,84.55861111,Chatia,Level
26.46444444,90.74916667,Manas N H Crossing,Level
25.68944444,85.19666667,Hajipur,Level
25.94027778,84.39194444,Gangpur Siswan,Level
25.75416667,84.7875,Chhapra,Level
25.50027778,85.10944444,Sripalpur,Level
25.82361111,79.4625,MOHANA,Level
27.0952,81.48606667,Elginbridge,Level
25.74916667,82.67194444,Jaunpur,Level
25.50416667,81.86333333,PHAPHAMAU,Level
26.74666667,78.98666667,ETAWAH,Level
25.24777778,87.64916667,Sahibganj,Level
27.29388889,95.33138889,Naharkatia,Level
27.89527778,81.77444444,Kakardhari,Level
27.48861111,94.90972222,Dibrugarh,Level
25.69222222,84.87277778,Maner,Level
26.94891111,93.96211111,Badatighat,Level
25.64833333,85.06777778,Dighaghat,Level
25.85055556,87.80611111,Dhengraghat,Level
25.61277778,87.78722222,Jhawa,Level
26.10833333,86.52833333,Basua,Level
17.00694444,81.76694444,GodavariRlyBridge(Rajahmundry),Level
26.86056111,94.25160556,Neamatighat,Level
25.99222222,85.05222222,Rewaghat,Level
16.49027778,76.92305556,Huvinhedigi,Level
30.11,78.31,Rishikesh,Level
26.10722222,89.82361111,Golokganj,Level
27.01277778,79.98416667,Kannauj,Level
27.50412222,77.68723333,Mathura (Prayag ghat),Level
26.20333333,81.24666667,Rae bareli,Level
27.93194444,78.8625,Kachhlabridge,Level
21.54777778,86.91805556,Govindpur (NH5 Road Bridge),Level
24.87527778,92.57833333,Badarpurghat,Level
25.1546,82.5296,Mirzapur,Level
26.14111111,83.87472222,Turtipar,Level
26.19027778,91.745,Guwahati(D.C.Court),Level
25.58001667,83.58835,Ghazipur,Level
27.31222222,94.88166667,Chenimari (Khowang),Level
25.62194444,85.17111111,Gandhighat,Level
26.0375,85.88638889,Hayaghat,Level
19.89,74.49,Kopergaon,Level
26.45,91.46,Pagladiya N T Road Crossing,Level
27.19,78.03,AGRA (J.B.),Level
28.53444444,76.87055556,Dhansa,Level
18.98,76.75,Gangakhed W/L Station,Level
15.94,77.42,Mantralayam,Level
19.10805556,82.02277778,Jagdalpur,Level
17.66944444,80.87388889,Bhadrachalam,Level
26.81,92.87972222,NT Road Crossing Jia-Bharali,Level
26.22611111,86.25611111,Jhanjharpur,Level
25.54138889,86.7225,Baltara,Level
27.20658333,94.06555556,Ranganadi NT Road crossing,Level
27.43527778,82.22944444,Balrampur,Level
25.94472222,80.15333333,SAHIJINA,Level
17.5675,81.25,Kunavaram,Level
26.32888889,88.8625,Mekhliganj (R/B),Level
24.90527778,76.68055556,Parwati Pick- up weir,Inflow
25.75,84.38333333,Ballia,Level
26.98173611,94.57904167,Sivasagar,Level
26.35886111,84.74814722,Dumariaghat,Level
27.18916667,82.94,Bansi ,Level
26.15277778,92.65333333,Kampur,Level
25.42,81.84,NAINI,Level
24.64944444,92.60888889,Matijuri,Level
12.2,78.59,Sathanur Dam,Inflow
12.42559444,76.5725,Krishnarajasagar Reservoir,Inflow
27.23084722,83.87586111,Khadda,Level
25.48138889,80.31222222,BANDA,Level
17.13,73.86,Warna Dam,Inflow
30.41770556,77.62275833,Paonta,Level
17.235,79.52,Musi Dam,Inflow
27.49805556,79.69722222,Dabri,Level
10.83,78.81888889,Grand Anicut,Inflow
30.31444444,77.585,Hathnikund Barrage,Inflow
26.7229,85.32715833,Dheng Bridge,Level
22.83861111,87.90361111,Harinkhola,Level
26.50332778,93.95188333,Golaghat,Level
23.51,85.67,PUNASI DAM,Inflow
28.07790833,95.33552778,Passighat,Level
21.76777778,87.16416667,Rajghat,Level
24.65,75.61,Gandhi Sagar Reservoir,Inflow
26.72916667,89.32583333,Hasimara,Level
10.22,76.7,Idamalayar Reservoir,Inflow
17.8525,80.88,Dummagudem,Level
24.33805556,72.33916667,Dantiwada Dam,Inflow
18.82,79.91,Kaleswaram,Level
27.23166667,88.49916667,Singtam,Level
26.84138889,85.58555556,Sonbarsa,Level
18.32,80.46,Eturunagaram,Level
25.32583333,83.04,Varanasi,Level
18.31333333,83.88416667,Srikakulam,Level
27.44880556,94.25008333,Chouldhowaghat,Level
26.39611111,90.25416667,Kokrajhar,Level
26.34608333,85.48632222,Runisaidpur,Level
18.45388889,82.54694444,Jalaput dam (Machkund),Inflow
28.27,81.09,Katerniaghat Barrage,Inflow
34.24611111,74.6325,Safapora,Level
34.06944444,74.83861111,Rammunshibagh (near Srinagar),Level
23.05,78.06,Barna Reservoir,Inflow
28.76138889,78.1425,Garhmukteshwar,Level
25.40305556,81.91138889,Allahabad,Level
23.61805556,87.70305556,Gheropara,Level
26.78194444,90.95722222,Mathanguri,Level
25.57861111,83.97555556,Buxar,Level
29.76218333,77.13166667,Karnal,Level
22.39833333,87.34361111,Mohanpur,Level
25.57138889,84.79777778,Koelwar,Level
26.14472222,85.69222222,Benibad,Level
25.96027778,80.15388889,HAMIRPUR,Level
26.3475,85.80138889,Kamtaul,Level
26.28666667,89.45972222,Ghugumari,Level
26.30861111,89.68194444,Tufanganj,Level
26.49388889,90.91611111,Beki Road bridge,Level
27.76361111,95.56611111,Dholabazar,Level
20.47,85.77,Naraj,Level
26.72972222,83.34972222,Birdghat ,Level
26.12916667,79.75944444,KALPI,Level
26.56277778,88.76166667,DOMOHANI,Level
27.66,95.83,Namsai,Level
23.88416667,87.91555556,Narayanpur,Level
24.83944444,84.13222222,Indrapuri,Level
15.82140833,75.09671389,Malaprabha Dam,Inflow
21.07,75.95,HATHNUR,Inflow
24.75,84.16,Indrapuri Barrage,Inflow
20.87194444,79.60388889,Gosikhurd Dam,Inflow
18.58611111,80.39333333,PVNRao Kantanapally Project,Inflow
26.41527778,85.06611111,Ahirwalia,Level
24.69944444,74.71566111,Gambhiri Dam,Inflow
11.8,78.81,Gomukhi Dam,Inflow
11.47,77.1,Bhavani Sagar Dam ,Inflow
24.42,84.26,Batane,Inflow
11.4,79.09,Wellington Reservoir,Inflow
15.88,77.83,Sunkesula Barrage,Inflow
16.2,76.36,Narayanapura Reservoir,Inflow
10.05333333,77.58916667,Vaigai Reservoir,Inflow
12.82196111,76.05423333,Hemavathy Reservoir,Inflow
18.84416667,79.37277778,Sripada Yellampalli Project,Inflow
18.12,74.09,Veer Dam,Inflow
16.14318611,74.64265,Hidkal Reservoir,Inflow
25.37111111,85.99388889,Hathidah,Level
18.07,75.12,Ujjani Reservoir,Inflow
18.78,83.49,Thottapalli R/s (APSDPSData),Inflow
22.64,86.39,Galudih Barrage,Inflow
10.59305556,77.97194444,KODAGANAR DAM,Inflow
20.00194444,73.80333333,Nasik,Level
26.56972222,88.9375,Jaldhaka NH-31,Level
17.4,73.75,Koyna,Inflow
18.84833333,83.87305556,Kashinagar,Level
26.36638889,91.65333333,Puthimari NH Rd Xing,Level
33.83333333,75.06694444,Sangam,Level
24.19166667,81.2875,Bansagar Dam,Inflow
23.82194444,87.19944444,Hinglow Dam,Inflow
19.48722222,75.37111111,Jaikwadi Dam,Inflow
12.4938,75.90541389,Harangi Reservoir,Inflow
16.08,78.9,Srisailam Reservoir,Inflow
15.26,76.34,Tungabhadra Dam,Inflow
16.33,77.7,P.D. Jurala,Inflow
13.70135278,75.63661111,Bhadra Reservoir,Inflow
21.28,85.03,Rengali Reservoir,Inflow
16.33,75.88,Almatti Reservoir,Inflow
24.05,83.81,Annaraj Dam,Inflow
11.8,77.8,Mettur Reservoir,Inflow
13.01,80.08,Chembarampakkam,Inflow
13.18,79.86,Poondi Satyamoorthy Reservoir,Inflow
23.97833333,74.0325,Som Kamla Amba Dam,Inflow
17.88,77.31,Karanja Dam,Inflow
19.15,76.18,Manjlegaon,Inflow
15.03,75.83,Singatalur Barrage,Inflow
9.84,76.97,Idukki (Eb)/Idukki Arch Reservoir,Inflow
22.97,86.05,Chandil Dam,Inflow
11.97339167,76.35275,Kabini Reservoir,Inflow
21.28,86.3,Salandi Reservoir,Inflow
23.45,85.55,Getalsud Reservoir,Inflow
24.92,75.58,Ranapratap Sagar Reservoir,Inflow
26.52,86.92,KOSI BARRAGE,Inflow
23.05416667,73.71666667,Panam Dam,Inflow
16.75,80.05,DR KLRS Pulichintala Dam,Inflow
23.30527778,73.82472222,Kadana Dam,Inflow
13.84333333,75.52638889,Upper Tunga Prject,Inflow
18.48,83.8,Narayanpuram Anicut,Inflow
28.99555556,80.10555556,Banbasa Barrage,Inflow
24.76,78.23,RAJGHAT DAM,Inflow
25.1,78.36,Matatila Reservoir,Inflow
23.62861111,74.54722222,Mahi Bajaj Sagar Dam,Inflow
16.55,75.16,Hipparagi Barrage,Inflow
11.08,77.89,KODUMUDI,Level
18.97,78.34,Sriram Sagar Reservoir,Inflow
18.22,77.96,Nizamsagar Reservoir,Inflow
19.71,76.75,Yeldari Reservoir,Inflow
24.10638889,87.30722222,Massanjore Dam,Inflow
24.21,83.02,RIHAND DAM,Inflow
22.28,76.47,Indira Sagar Reservoir,Inflow
18.78861111,82.60083333,Upper Kolab Dam ,Inflow
19.27611111,82.82833333,Upper Indravati Dam,Inflow
22.59,82.57,BANGODAM RESERVOIR,Inflow
25.92,75.45,Bisalpur Reservoir,Inflow
29.37277778,78.03833333,Dharamnagari Barrage,Inflow
16.56361111,74.5275,Sadalga (Seasonal),Level
18.72194444,84.04361111,SEEDHI,Level
19.09833333,84.67861111,ITCHAPURAM,Level
21.51305556,76.75722222,DEDTALAI,Level
21.82472222,73.74166667,Sardar Sarovar Project_Gujarat Reservoir,Inflow
22.9475,73.42944444,Wanakbori Weir,Level
27.25,88.45,Teesta -V Dam,Inflow
27.29,88.29,Rangit- 3 Dam,Inflow
22.94,79.92,Bargi Reservoir,Inflow
20.19,73.06,MADHUBAN DAM,Inflow
24.93,87.38,SUNDAR DAM,Inflow
23.68,86.75,Panchat Reservoir,Inflow
18.51888889,73.15638889,Nagothane,Level
28.18944444,78.39611111,NARORA Barrage,Inflow
10.88861111,78.58,UPPER ANICUT,Inflow
16.38222222,77.35722222,Deosugur,Level
17.2925,81.64361111,Polavaram Irrigation Project,Inflow
21.65833333,79.23333333,Pench Reservoir,Inflow
30.22888889,78.78666667,Srinagar,Level
18.66638889,74.00172222,Phulgaon,Level
19.1,78.79,Kaddam Dam,Inflow
23.52305556,85.6725,BHAIRWA DAM,Inflow
27.43,83.9,GANDAK BARRAGE,Inflow
18.14027778,82.12277778,Balimela dam (Sileru),Inflow
27.24,88.71,Rangpo Dam,Inflow
27.2,88.71,Rongli Dam,Inflow
19.35,74.6,Mula Dam,Inflow
18.68805556,83.96388889,Gotta Barrage,Inflow
23.94638889,87.525,Tilpara  Mihirlal Barrage,Inflow
24.15,86.25,Sikatia Barrage,Inflow
22.965,86.79027778,Kangsabati Reservoir,Inflow
21.66,87.06,Mathani Road Bridge,Level
21.52,83.85,Hirakud Reservoir,Inflow
18.09222222,73.46027778,Mahad,Level
20.00916667,74.13194444,NMD-Weir,Inflow
17.97138889,75.13916667,Narsingpur,Level
22.37722222,79.66361111,Sanjay Sarovar Project,Inflow
21.27527778,78.05861111,Upper Wardha Project,Inflow
19.72555556,77.43472222,Isapur Reservoir,Inflow
24.32,85.52,Tilaiya Reservoir,Inflow
23.78,86.81,Maithon Reservoir,Inflow
22.24,76.16,Omkareshwar (NHPC) Reservoir,Inflow
29.52027778,78.75916667,Kalagarh Dam,Inflow
25.89,90.01805556,JINJIRAM,Level
18.47388889,74.57638889,Dhond,Level
16.94916667,74.52972222,NANDRE,Level
23.46638889,87.31638889,Durgapur Barrage,Inflow
14.48,79.3,Somasila Dam,Inflow
26.98488889,94.77666667,Nanglamoraghat,Level
17.17,76.33,Deongaon Bridge,Level
24.3175,91.99388889,KAILASHAHAR GDSQ SITE,Level
16.815,81.81638889,Atreyapuram (Gauthami),Level
22.11944444,79.17361111,Pench Reservoir (Machagora Dam),Inflow
23.92944444,85.76194444,Konar Reservoir,Inflow
25.77,80.53,CHILLAGHAT,Level
16.78194444,74.63222222,Arjunwad (Seasonal),Level
27.5975,88.65055556,Teesta- 3 Dam,Inflow
15.845,78.0375,Kurnool Town,Level
16.02,80.91,Avanigadda,Level
16.5,80.6,Prakasam Barrage,Inflow
11.52,77.51,SAVANDAPUR,Level
28.82555556,78.79833333,Moradabad,Level
20.83361111,75.42388889,DAHIGAON,Level
30.40055556,79.04194444,Ganga Nagar,Level
10.93805556,78.44027778,MUSIRI,Level
25.55555556,77.85277778,MADIKHERA(ATAL SAGAR) DAM,Inflow
26.45416667,88.24444444,Sonapur,Base
26.72027778,88.37777778,Matigara,Base
25.98055556,90.79055556,DUDHNAI,Base
25.98055556,90.79055556,Dudhnoi,Base
26.12027778,91.97833333,SONAPUR,Base
27.06666667,93.60027778,Chimpu,Base
24.18722222,75.23944444,Nahargarh,Base
13.67666667,79.52166667,MALLI MADUGU.,Base
24.43083333,83.86222222,Mohammad Ganj,Base
27.39526389,93.75739167,Yazali,Base
22.78527778,93.085,PANGKHUAH,Base
31.56638889,77.98305556,NATHPA,Base
20.6625,75.27027778,BAMRUL,Base
31.04027778,78.74055556,Harshil,Base
26.19972222,90.57388889,PANCHARATNA,Base
18.99361111,83.81194444,KATRAGADDA,Base
30.89722222,77.19666667,Gaura,Base
30.09055556,77.40833333,Ghodopipli,Base
26.49222222,89.70083333,Chepan,Base
27.23666667,82.99611111,Kakrahi,Base
24.58694444,72.70361111,Mount Abu,Base
21.12833333,75.66722222,PIMPRI,Base
27.12714444,79.28841111,Kasmara,Base
21.4325,76.43777778,NAWTHA,Base
33.90388889,75.28194444,Ganeshpura,Base
22.22638889,84.80611111,Panposh,Base
23.37055556,85.86916667,Muri,Base
20.94666667,76.20305556,TALASWADA,Base
22.65027778,72.535,Vautha,Base
23.5475,72.01527778,Sapawada,Base
20.98833333,76.71666667,WANKHED,Base
20.9575,76.27916667,DHUPESHWAR,Base
23.52833889,91.652825,Amarpur,Base
22.17166667,75.66083333,Mandleshwar,Base
22.48416667,80.36194444,Bamni,Base
22.49166667,76.99388889,Handia,Base
22.64944444,77.48833333,Awalighat,Base
11.47777778,77.7,URACHIKOTTAI,Base
31.60555556,78.43583333,MOORANG,Base
25.11555556,92.85666667,Harangajao,Base
21.94972222,83.41666667,Mahulpali,Base
20.98305556,83.53944444,Salebhata,Base
29.23888889,78.65694444,Seohara,Base
20.1975,83.225,Kesinga,Base
20.65833333,83.73194444,Kantamal,Base
28.69055556,77.84972222,Chupkoli,Base
21.30916667,83.89972222,Deogaon,Base
20.83055556,84,Khairmal,Base
21.01583333,83.10305556,Padampur,Base
20.3325,86.48083333,Marshaghai ,Base
20.00361111,85.64388889,Kanas (S),Base
20.44416667,86.2475,Pubansa (S),Base
25.63877778,82.86108889,MAIGHAT,Base
27.04222222,93.46166667,Jotte,Base
23.16305556,75.41,Palwa,Base
26.59166667,90.83,PANBARI,Base
21.54305556,73.795,SAGBARA,Base
30.17222222,77.39222222,Fateh Garh,Base
17.53972222,73.52388889,Muradpur,Base
30.61083333,78.31638889,Dharasu,Base
11.48555556,76.8325,Kukkalthurai,Base
26.72083333,85.54416667,Indo-Nepal Border (Bhutahi),Base
24.24916667,80.25166667,TIGHARA,Base
23.21611111,74.78,Borwa,Base
26.94166667,78.57333333,BATESHWAR,Base
28.80888889,79.20916667,Bhatpura,Base
26.19944444,80.5375,Purwamir,Base
27.73833333,80.26694444,Maigalganj,Base
30.40805556,79.38888889,Birahi,Base
30.42027778,79.41416667,Pipalkoti,Base
30.265,79.21444444,Karnaprayag (A),Base
30.05166667,78.21833333,Sataynarayan,Base
11.36194444,76.00194444,THOTTATHINKADAVU,Base
20.70805556,76.99305556,AKOLA,Base
29.43805556,80.24583333,Pancheshwar,Base
27.12416667,77.7425,KIRAOLI,Base
25.39138889,78.62777778,NAUTGHAT,Base
27.12138889,78.53277778,RUPAS NAGAR,Base
21.28472222,72.95055556,KHOLWAD(KATHORE),Base
29.54,79.55333333,Suyalbari,Base
23.71444444,86.20222222,Pupunki,Base
25.10111111,77.64777778,PACHAWALI,Base
25.18,91.75638889,Therriaghat,Base
25.97916667,91.38583333,KULSI,Base
25.63027778,82.75666667,Jalalpur,Base
30.53718889,77.82591944,Haripur,Base
24.24611111,78.17916667,RAJGHAT,Base
21.33944444,74.89,SHIRPUR,Base
30.60444444,77.44111111,Dadahu/Renuka,Base
29.2675,79.54833333,Kathgodam,Base
26.10611111,80.05055556,KORA-OLD,Base
11.7375,78.79083333,Mayambadi,Base
30.52694444,77.85305556,Kalsi,Base
17.48833333,82.74277778,YETIKOPPAKA,Base
24.42638889,82.20611111,Jhokho,Base
11.37416667,76.99222222,Gandhavayal,Base
25.19055556,90.49805556,Sibbari,Base
24.56694444,83.97583333,Japla,Base
20.61111111,81.68166667,MURUMSILLI,Base
26.47472222,89.78638889,Barabisha,Base
11.78722222,78.78666667,Kalpadai,Base
29.43694444,78.47777778,Nagina,Base
22.30861111,86.91638889,Fekoghat,Base
28.09472222,77.47722222,Palwal/Rahimpur,Base
20.82694444,71.0475,Una,Base
24.58305556,92.95638889,Monierkhal,Base
22.40583333,77.30777778,Chhidgaon,Base
21.94361111,74.745,Pati,Base
22.92777778,79.33972222,Belkhedi,Base
10.95194444,76.78527778,Alandurai,Base
22.20555556,74.85166667,Dhulsar,Base
23.81194444,92.65,Sairang,Base
21.47916667,74.14361111,VELDA,Base
15.84555556,77.02527778,Melaganur,Base
30.13121111,77.46714444,Panchkuan,Base
29.47725833,77.51815833,Titawi,Base
27.82805556,77.15805556,Piprauli,Base
26.11138889,80.92222222,Lalganj,Base
28.36388889,78.27888889,Anupshahar,Base
22.92388889,78.79166667,Gadarwara,Base
24.01083333,73.66361111,Khandiovari,Base
24.99083333,71.68111111,Gandhav ,Base
25.82416667,72.21944444,Balotra ,Base
27.57194444,80.68583333,Sitapur,Base
23.75638889,86.35208333,PUTKI,Base
23.54555556,87.90694444,Natunhat,Base
29.31855556,79.58416667,NAUKUCHIATAL,Base
24.97694444,92.51833333,Gumrabazar,Base
27.13055556,88.27861111,Singlabazar,Base
27.17166667,88.52972222,Rangpo,Base
24.86083333,92.29027778,Fakirabazar,Base
22.60583333,77.19555556,Sip at Dholpur,Base
31.035,78.75027778,Harshil,Base
23.10444444,86.66166667,Tusuma,Base
23.03583333,76.73555556,Astha,Base
24.43361111,76.34055556,Barodiya,Base
23.28777778,86.36027778,Simulia,Base
28.51861111,79.25166667,Meerganj,Base
11.90277778,78.33,HARUR,Base
11.23944444,76.02333333,KUNIYIL,Base
27.78722222,78.6275,Kasganj,Base
22.91916667,86.62694444,Phulberia,Base
24.28722222,73.84638889,Amarpura,Base
25.08277778,82.92083333,Ahrora,Base
23.97777778,81.51333333,Koilari,Base
24.37277778,81.60333333,Churhat,Base
30.33194444,79.31027778,Nandprayag,Base
12.45845833,75.27633889,POOKKAYAM,Base
26.19722222,75.84166667,Tonk,Base
11.05694444,76.03944444,KARATHODU,Base
23.34916667,68.76861111,Chhasara,Base
20.93638889,76.47416667,YERLI,Base
11.26416667,76.23861111,CHAKKALAKUTH,Base
24.88305556,74.63222222,Chittorgarh,Base
23.91527778,74.70222222,Sohagpura,Base
27.79666667,77.61472222,Shergarh,Base
26.18916667,76.36694444,Dubi,Base
23.38777778,79.915,Hiran at Singaldeep,Base
29.1075,77.42194444,Shekhpura (Barnawa),Base
27.25472222,78.02333333,AGRA(POIYAGHAT),Base
26.62194444,78.8375,BHIND,Base
16.5,80.53333333,Prakasam Barrage,Base
11.44305556,79.02444444,Venganur,Base
10.90361111,79.70722222,Porakudi,Base
23.97777778,86.855,Jamtara1,Base
20.19361111,79.66611111,Rajoli,Base
30.88222222,77.20944444,Yashwant Nagar,Base
27,94,Bana,Base
26.30722222,79.92,LALPUR,Base
19.44472222,84.26138889,Mohana,Base
20.93083333,85.51916667,Altuma,Base
28.3732,77.48831389,Manjhawali,Base
21.58111111,79.8,Sitekasa,Base
26.65166667,80.79472222,Bani,Base
30.06444444,77.76055556,Attal,Base
27.29691111,77.72822222,Parkham,Base
25.08083333,79.34333333,GARRAULI,Base
24.54361111,92.43305556,ANIPUR,Base
24.79166667,93.00472222,Lakhipur,Base
22.91583333,78.3475, Sandia,Base
10.85055556,79.78944444,Gopurajapuram,Base
21.91944444,75.74666667,Beda at Satwadi(Gogawa),Base
22.24611111,76.05166667,Choral at Barwah,Base
22.7575,77.68805556,D/S HOSHANGABAD,Base
28.19277778,94.77027778,Kabu basti (Kambang),Base
28.07388889,96.49638889,Hayuliang,Base
27.5075,96.16,Motipur,Base
22.70722222,78.19416667,Palakmati at Sohagpur,Base
30.79166667,78.13805556,Naugaon,Base
15.49194444,76.7175,Oollenur,Base
27.35861111,93.03972222,Seppa,Base
21.60916667,86.68333333,Jeypore,Base
25.2375,82.03777778,Mejaroad,Base
16.71472222,80.32027778,Keesara,Base
26.42916667,82.54861111,Akbarpur,Base
29.15861111,79.03888889,Ram nagar Barrage,Base
21.29722222,73.02527778,GHALA,Base
20.2575,85.18555556,Khandapara,Base
20.01,85.2975,Padmavati,Base
22.27166667,75.10472222,Maan at Gopalpura,Base
26.51944444,88.10583333,Galgalia,Base
30.99388889,78.94027778,Gangotri,Base
26.04055556,85.555,Sakra,Base
19.95583333,79.10083333,Ghugus,Base
20.42194444,80.09166667,Wairagarah,Base
20.9125,79.92722222,Salebardi,Base
27.83694444,79.91,Shahjahanpur,Base
11.9823,75.58415833,PERUMANNU,Base
24.34583333,77.1125,A.B.Road X-ing,Base
25.03333333,81.73472222,Chakghat,Base
25.38027778,82.82861111,TENDUI,Base
26.94777778,83.57583333,MAU,Base
25.66666667,83.55416667,Ashatpur,Base
24.77444444,81.25972222,REWA,Base
23.86694444,81.21583333,Chansura,Base
24.60361111,82.77638889,NIWARI,Base
25.21638889,83.51638889,Durgawati,Base
24.19138889,81.47944444,NAURHIA,Base
26.79972222,91.69972222,DRF,Base
27.7599,94.009,TAMEN,Base
11.57277778,76.91916667,THENGUMARAHADA,Base
8.715277778,76.85416667,AYILAM ,Base
22.40861111,76.21972222,Kaner at Mendhikheda,Base
22.64277778,77.56361111,Hathed at Misrod,Base
30.65416667,79.02777778,Gaurikund,Base
22.47222222,76.78722222,Datuni at Dudwas,Base
11.43527778,78.93888889,Melkalpoondi,Base
29.55388889,79.34361111,Betalghat,Base
27.68638889,81.82555556,Bhinga,Base
19.38333333,80.55,Mirdapalli,Base
24.32361111,87.20222222,Maharo,Base
23.00069444,86.63944444,KHARIDWAR,Base
25.84861111,92.885,Kheronighat,Base
29.27305556,77.6,Ratanpuri,Base
26.9625,78.3625,ARNOTA,Base
26.73683333,83.83302778,Hetimpur,Base
22.58027778,76.97277778,Jamner at Sandalpur,Base
25.21799722,84.82569167,Kinjer,Base
30.78,77.29777778,Kheri,Base
24.85845278,84.31209167,Palmerganj,Base
30.43694444,77.57861111,Ganguwala,Base
30.79805556,78.115,Purola,Base
11.52722222,77.75083333,THEVUR,Base
24.21361111,83.87833333,Garhwa,Base
26.72972222,88.58222222,Gazoldoba,Base
16.50111111,80.625,Vijayawada,Base
26.90194444,88.47222222,CORONATION,Base
23.25888889,91.46611111,Belonia,Base
16.73916667,79.66972222,Dameracherla,Base
28.60208333,77.42421389,Noida,Base
26.65361111,91.71527778,Suklai,Base
22.22638889,76.04722222,Mortakka,Base
24.76222222,92.83694444,NEAIRGRAM,Base
26.49777778,90.655,AIE NH XING,Base
21.88444444,80.17527778,Kumhari,Base
21.84333333,76.50444444, Bhamgarh,Base
26.2444,93.97283333,Gelabil,Base
24.78444444,92.90722222,SIBAPUR,Base
10.35416667,77.56083333,BALASAMUDRAM,Base
24.03305556,84.06361111,Daltonganj,Base
21.97083333,75.25805556,Deb at Khajuri,Base
25.20916667,83.32666667,NARHAN,Base
24.54888889,80.90666667,SATNA,Base
30.38111111,77.79666667,Sabhowala,Base
30.76138889,77.70527778,Meenus(Tons),Base
24.97305556,92.55638889,KALAIN,Base
30.76138889,77.705,Meenus (Khad),Base
23.78472222,79.14361111,GARHAKOTA,Base
19.38333333,83.79222222,Gudari,Base
22.98527778,80.59611111,Silgi at Kotrai,Base
26.84055556,88.82777778,MURTI,Base
27.49361111,96.21916667,Miao,Base
20.91888889,85.23555556,Talcher,Base
27.28361111,95.66277778,Margherita,Base
27.14,95.37,Dillighat,Base
26.87055556,88.89555556,Nagrakata,Base
24.41083333,81.70416667,Kuldah Bridge,Base
25.53527778,88.0575,BARIOL,Base
26.41805556,85.85305556,Saulighat,Base
21.81527778,76.33388889,Abna at Khandwa,Base
30.89666667,78.6775,Gangnani,Base
29.88,77.8975,Roorkee,Base
20.31277778,81.53222222,Sarangpal ,Base
26.65583333,81.34972222,Haidergarh,Base
10.89805556,76.19194444,PULAMANTHOLE,Base
26.79444444,81.55972222,Ramsanehi Ghat,Base
23.99527778,82.53388889,Chachar,Base
25.54416667,83.32666667,Devkali,Base
11.0925,79.085,Varanavasi,Base
11.28777778,76.89111111,NELLITHURAI,Base
29.69694444,79.26111111,Bhikiasen,Base
23.07388889,86.36277778,Purihansha,Base
29.77972222,77.96194444,Dosni,Base
16.67638889,74.57416667,Terwad (Seasonal),Base
25.37944444,76.14527778,Mandawara,Base
25.85444444,76.56916667,Pali,Base
28.78666667,78.98611111,Rampur_GSM,Base
22.58333333,87.04388889,Lalgarh,Base
22.62972222,86.97472222,D P Ghat,Base
19.09888889,77.96055556,Bhainsa(State Govt. Site),Base
25.29944444,81.56555556,PRATAPPUR,Base
30.15194444,78.59944444,Devprayag (B),Base
11.8,78.81666667,Gomukhi dam,Base
26.16055556,87.70527778,Chargharia,Base
26.17194444,78.80416667,SEONDHA,Base
26.42638889,79.24583333,JUHIKHA,Base
20.59944444,84.78166667,Tikarpara,Base
8.901388889,77.64861111,A.P.PURAM,Base
26.15166667,79.95138889,MOOSA NAGAR,Base
25.28972222,80.30944444,KURDHANA,Base
28.06333333,80.96472222,Shardanagar,Base
28.39305556,81.0075,Chaugurji Ghat,Base
10.41694444,79.29166667,PATTUKOTTAI,Base
24.17527778,92.02361111,KUMARGHAT,Base
12.12111111,77.78194444,HOGENAKKAL,Base
29.49861111,80.12583333,GHAT,Base
27.98805556,81.43333333,Gaighat,Base
30.87416667,78.30333333,Kuthnaur,Base
28.95888889,77.47,Baleni,Base
21.66666667,70.185,Ganod,Base
21.44583333,71.56527778,Lowara,Base
22.21972222,86.71666667,Jamsholaghat,Base
13.05527778,79.68083333,Thiruvalngadu,Base
20.18888889,77.98666667,Mangrul,Base
25.93416667,82.0019,Pratapgarh,Base
23.76916667,81.20527778,Goverdheghat,Base
25.66493889,81.41861944,Shahzadpur,Base
24.22416667,83.26972222,Duddhi,Base
21.62388889,80.25333333,Rajegaon,Base
10.00111111,77.485,THENI,Base
25.67805556,80.8575,MARKA,Base
27.98916667,81.21416667,Parsa (Zalim Nagar),Base
23.88416667,77.91916667,BASODA,Base
30.95472222,77.85305556,Tuini (Pabar),Base
26.31833333,90.46888889,BAHALPUR,Base
11.93833333,78.05722222,THOPPUR,Base
19.08305556,81.3,Chindnar,Base
19.75555556,84.44305556,Sorada,Base
26.01944444,93.78972222,Bokajan,Base
28.34833333,80.92083333,Motipur,Base
21.61666667,85.91666667,Swampatna,Base
25.48222222,80.99583333,LAMYARI,Base
31.53305556,78.28305556,POWARI (Shifted to moorang),Base
25.22027778,92.22583333,"Myndu Stage II, Dam Site",Base
25.15666667,92.2175,Myntdu Stage-II power house,Base
23.22666667,93.09777778,Bailley Bridge Tuipui,Base
24.5425,92.95333333,Kashithal,Base
24.49083333,92.80444444,Kulichera,Base
28.98799722,77.20274444,Baghpat,Base
30.51444444,77.99972222,Aglarpul,Base
10.975,79.75388889,Annavasal,Base
28.82138889,78.71944444,Gagan Moradabad,Base
22.90444444,72.74138889,Raska WeIr,Base
9.553333333,78.58638889,PARAMAKUDI,Base
26.42138889,78.91305556,MEHNDAGHAT,Base
27.23611111,79.32916667,Bewar,Base
28.26416667,81.04833333,New Motipur,Base
26.85333333,94.80055556,Bihubar,Base
25.28916667,80.30472222,NARSINGHGARH,Base
25.34138889,87.26583333,Azmabad,Base
25.61888889,76.19444444,Lakheri,Base
29.695,78.05944444,Raysi,Base
8.714444444,77.835,MURAPPANADU,Base
9.403611111,76.65027778,KALLOOPPARA,Base
23.94611111,82.67083333,Karkota,Base
9.072777778,76.76111111,PATTAZHY,Base
18.19916667,82.64972222,Kunturla (Machkund),Base
9.324166667,77.99055556,IRRUKKANKUDI,Base
11.55194444,77.73194444,SEVANUR,Base
10.63138889,76.94611111,AMBARAMPALAYAM,Base
26.97416667,80.92111111,BARETHA,Base
24.42888889,76.60305556,Aklera,Base
12.87,77.83611111,SINGASADANAPALLI,Base
24.57305556,79.64305556,DEVRA,Base
24.99583333,77.60111111,BIJRONI,Base
26.67833333,79.32833333,BULAKIPURA,Base
26.69722222,78.9375,UDI,Base
25.5625,78.59277778,UNNAO BALAJI,Base
24.03083333,73.17222222,Harnav Weir,Base
21.80527778,80.15833333,Balaghat,Base
30.92972222,78.40472222,Hanuman Chetty,Base
26.17055556,91.66944444,Pandu,Base
24.0625,91.59833333,KHOWAI,Base
24.41861111,92.17055556,NUTANBAZAR GD SITE,Base
31.79972222,78.415,Ropa,Base
25.74694444,80.30444444,KAITHI,Base
29.76027778,80.36916667,Jouljibi,Base
22.075,75.405,Borad at Thikri,Base
22.53583333,80.39527778,Matiyari at Katangatola,Base
23.57666667,72.80638889,Derol Bridge,Base
24.23111111,73.00833333,Kheroj,Base
24.40027778,72.30944444,Bhakudar (Sipu Dam),Base
22.42361111,92.94277778,Sihthangpui,Base
27.10722222,88.32222222,Majitar,Base
28.36666667,93.56666667,Lemeking,Base
23.50194444,82.84027778,Kharra,Base
19.85305556,84.62638889,Madhabarida,Base
27.01616111,83.21232222,Regauli,Base
24.52972222,83.02305556,Chopan,Base
25.83166667,78.245,MASOODPUR,Base
32.31638889,77.19972222,KOTHI,Base
25.77638889,80.42166667,PAILANI DERA,Base
26.27361111,85.30027778,Kanti,Base
10.91611111,79.63916667,Thengudi,Base
27.91083333,96.17055556,Tezu,Base
27.27305556,82.25833333,Dumari Ghat,Base
28.22361111,77.45583333,Mohna,Base
26.59555556,92.86083333,Bhomoraguri,Base
26.79111111,91.54444444,Matunga,Base
25.21333333,86.07055556,Mankatha,Base
16.79416667,80.07305556,Wadenepally,Base
25.91247222,85.59444444,Kadirganj,Base
32.90083333,74.75888889,AKHNOOR,Base
29.93722222,78.7025,Marora ,Base
30.26277778,78.50055556,Koteshwar,Base
26.88,88.47277778,SEVOKE,Base
26.8625,88.63611111,CHEL,Base
30.51361111,77.92833333,Hathiari (Bausan),Base
10.96944444,79.66138889,Peralam,Base
25.075,79.82777778,KAIMAHA,Base
31.76694444,78.63638889,TITANG,Base
9.925555556,77.51166667,Ambasamudram,Base
25.43194444,81.05888889,SARDHUA,Base
18.85027778,79.44444444,Mancherial,Base
25.22111111,80.91138889,KARWI,Base
28.19111111,78.4,Narora Down Stream,Base
24.60583333,92.95388889,Amraghat,Base
24.28527778,92.51611111,Gharmura,Base
26.48555556,77.81527778,BAGCHINI,Base
12.49583333,75.15694444,ERINJIPUZHA,Base
10.76111111,76.48611111,MANKARA,Base
12.88083333,75.04111111,BANTWAL,Base
20.26805556,72.98555556,SILVASSA,Base
13.29416667,74.98083333,YENNEHOLE,Base
22.19527778,77.89833333,Machna at Shahpur,Base
26.01027778,76.66166667,Baranwada,Base
25.25055556,75.03416667,Bigod,Base
23.10888889,79.97166667,Gaur at Bhalawara,Base
14.71722222,78.66861111,Alladupalli,Base
26.88361111,81.8,Sonauli Mohammad Pur,Base
10.49805556,77.94583333,LAKSHMANANPATTI,Base
12.65,79.94722222,Chengalpet,Base
14.58055556,78.67777778,Kamalapuram,Base
24.71583333,73.19972222,Sei Dam ,Base
24.35611111,73.16555556,Jotasan,Base
21.71888889,78.82416667,Ramakona,Base
14.25472222,79.11638889,Nandalur,Base
28.15777778,95.66833333,BOMJIR,Base
11.84055556,77.46277778,KUDLUR,Base
27.00861111,83.49555556,Gharighat,Base
26.69944444,83.98777778,Thoothibari,Base
31.26638889,77.29972222,PANDOA,Base
25.23194444,90.24305556,Dimapara,Base
10.46138889,78.05333333,VADAMADURAI,Base
10.28555556,78.09611111,SANARPATTI,Base
15.8825,77.95722222,Bawapuram,Base
14.21361111,79.0175,Annamayya Project,Base
22.92611111,92.52111111,Tuichawng,Base
30.14055556,78.59694444,Devprayag (G),Base
28.15833333,95.845,ROING,Base
17.59361111,80.82166667,Sangam (Murredu),Base
16.94888889,80.04916667,Paleru Bridge,Base
29.08240556,77.43725833,Galeta,Base
28.37423889,95.93172222,EBRANLI,Base
26.54305556,85.85583333,Saharghat,Base
10.94888889,79.70361111,Menangudi,Base
11.00222222,79.75138889,Nallathur,Base
27.99330556,94.22339444,Daporizo,Base
27.355,80.48083333,Neemsar,Base
30.06783333,77.35402222,Kalanaur,Base
25.18972222,92.01861111,Dawki,Base
22.83027778,77.97,Narmada at Naseerabad,Base
23.6075,72.9675,Hathmati Weir,Base
22.38138889,79.89972222,Keolari,Base
12.68416667,78.53944444,Avarankuppam,Base
11.03166667,77.8875,ELUNUTHIMANGALAM,Base
17.015556,80.171667,Polampalli,Base
26.78444444,82.7125,Basti,Base
19.96166667,77.14833333,Kanhargaon,Base
23.03444444,92.96527778,Tuichang,Base
22.82638889,81.32444444,Chakrar at Gadasarai,Base
19.39472222,76.77333333,Zari,Base
13.58166667,74.85777778,HALADI,Base
19.19972222,76.36638889,Dhalegaon,Base
21.21638889,79.23305556,Satrapur,Base
17.4825,81.38666667,Koida,Base
19.18333333,77.03305556,Purna,Base
18.05,77.04972222,Saigaon,Base
18.54555556,77.5775,Degloor,Base
24.59361111,92.84527778,Dholai,Base
14.43444444,74.58888889,SANTEGULI,Base
22.18527778,78.9775,Chhinda,Base
10.88083333,77.98472222,NALLAMARANPATTY,Base
12.06944444,77.40944444,PUDUNAGARA,Base
22.07388889,76.91472222,Kalimachak at Charuwa,Base
22.22055556,76.94388889,Machak at Barangi,Base
17.79888889,81.39277778,Konta,Base
16.32333333,75.28111111,Mudhol,Base
12.18944444,77.10194444,KOLLEGAL,Base
27.40805556,82.77527778,Muhchurwa Ghat,Base
14.59777778,78.01333333,Singavaram,Base
25.0025,92.45666667,Jalalpur,Base
24.80333333,93.11055556,Jiribam,Base
26.04722222,79.39611111,ORAI-2 Mangrayan,Base
27.39527778,82.5625,Parsohan Ghat,Base
24.68027778,93.1025,Chotabekra,Base
26.40222222,78.31916667,SARVA,Base
26.60777778,82.63694444,Dhobahat,Base
24.79027778,93.00777778,Fulertal,Base
22.18527778,78.9775,Chhinda,Base
26.33555556,83.3575,Gola Bazaar,Base
26.0325,85.81472222,Bishunpur,Base
27.61166667,88.65833333,Bop,Base
27.19111111,80.8,Bhatpurwaghat,Base
22.99805556,79.42972222,Umar at Imaliya,Base
17.25444444,77.46277778,Jewangi,Base
30.56694444,79.55305556,Joshimath,Base
13.94722222,79.89722222,Naidupet,Base
19.9375,74.025,Lasur,Base
23.34972222,74.71833333,Mataji,Base
23.31833333,73.40611111,Watrak Dam,Base
23.35388889,74.23388889,Anas PH-II,Base
22.97722222,72.88444444,Ratanpur,Base
25.15805556,92.21083333,Kharkhana,Base
26.73916667,88.42222222,Champasari,Base
12.70833333,79.75,Magaral,Base
27.255,88.305,Sagbari,Base
12.06583333,78.97805556,Vazhavachanur,Base
19.82083333,78.56083333,P.G. Bridge,Base
11.87055556,79.45944444,Villupuram,Base
26.45777778,89.85805556,Sankosh LRP,Base
27.0175,92.6375,Bhalukpong,Base
27.18888889,83.12555556,Uskabazar,Base
27.43805556,83.90555556,Triveni,Base
20.54722222,78.325,Hivra,Base
21.93111111,86.71861111,Baripada,Base
27.44255,77.71373056,Mathura (Gokul Barrage),Base
13.33638889,79.59805556,Buggaagraharam,Base
13.70777778,80.01,Sullurpet,Base
11.98305556,79.68055556,Kumarapalayam,Base
19.53527778,74.83361111,Pachegaon,Base
11.42222222,79.47222222,Kudalaiyathur,Base
11.74833333,79.40527778,THIRUNAVALUR,Base
12.22638889,79.51472222,MANIYAMPATTU,Base
19.32972222,79.50416667,Bhatpalli,Base
24.31138889,87.08694444,Haripur,Base
28.995,94.887,Tuting,Base
19.55916667,79.61166667,Sakmur,Base
27.71944444,88.56138889,Lachen,Base
27.41777778,88.63027778,Bakcha ,Base
27.55111111,88.46111111,Laven ,Base
27.51722222,88.53222222,Sankalang,Base
27.27027778,88.23888889,Toyum,Base
13.18083333,74.99444444,SANOOR,Base
20.52555556,78.80888889,Nandgaon,Base
13.52138889,74.88,AVERSHE,Base
10.28611111,76.32222222,ARANGALI,Base
13.22361111,79.94527778,MONNAVEDU,Base
9.990555556,76.63222222,KALAMPUR,Base
22.94777778,81.07611111,Dindori,Base
24.59361111,92.84527778,Dholai,Base
22.20055556,77.95583333,Tawa at Tawakathi,Base
12.39555556,78.24583333,Penneswaramadam,Base
14.72111111,79.01888889,Nandipalli,Base
27.61444444,92.00972222,China Bridge,Base
22.77,81.45444444,Narmada at Gorakhpur,Base
14.92194444,78.01638889,Tadipatri,Base
22.60472222,80.36222222,Balai at Narayanganj,Base
9.573333333,77.09055556,VANDIPERIYAR,Base
21.32448056,79.18080556,Gawana,Base
12.12888889,77.08305556,BENDRAHALLI,Base
23.64166667,85.51111111,Ramgarh,Base
19.76194444,73.73722222,Dharna Dam (State Govt. Site),Base
28.25722222,97.02583333,Kibithu,Base
25.27722222,82.28722222,SITAMARHI,Base
23.50555556,79.59861111,Saner at Chargawan,Base
22.90861111,81.19388889,Machrar at Gidha,Base
22.52888889,80.99166667,Phen at Parsatola,Base
26.29205556,83.93636111,Salempur,Base
15.66111111,76.96555556,T. Ramapuram,Base
14.57222222,78.8,Chennur,Base
26.05,83.18333333,Azamgarh,Base
27.04666667,94.91222222,Desangpani,Base
27.125,81.66333333,Colonelganj,Base
11.4025,78.92972222,V.Kallathur,Base
12.91388889,79.33305556,Arcot,Base
22.14944444,80.66555556,Mukki,Base
26.85277778,83.32611111,Maniram,Base
30.93972222,77.84666667,Tuini (Tons),Base
21.47638889,86.28638889,Bhejdih,Base
21.43888889,85.18777778,Kolipal,Base
23.45,85.31388889,Kanke Rd. Bridge,Base
32.76277778,74.88444444,Jammu Tawi(Sidhra),Base
19.11138889,83.42416667,Jaggaguda,Base
24.83277778,92.79166667,Annapurna Ghat,Base
19.01222222,81.2325,Tumnar (Dantewara),Base
23.11388889,85.615,Paradih,Base
22.69361111,85.97861111,Saraikela Rd. Bridge,Base
23.33055556,85.35888889,Bara Ghagara,Base
23.29,85.25277778,Dhurwa Dam,Base
20.32305556,81.68166667,DUDHAWA,Base
17.59972222,80.81638889,Sangam (Kinnerasani),Base
23.23583333,80.04,Pariyat at Matamar,Base
28.50466111,76.790275,Dadri,Base
20.16611111,73.89944444,Palkhed,Base
33.74861111,75.12166667,Khanabal,Base
30.02611111,80.57777778,Kanjyoti,Base
29.90361111,79.63472222,Gagrigol,Base
18.6125,82.14277778,Saradaput,Base
18.38444444,81.6625,Sukma,Base
18.53666667,80.37666667,Perur,Base
8.693333333,77.46583333,KALLIDAIKURICHHI,Base
26.04194444,80.85944444,Bhitaura,Base
12.675,75.115,ADKASTHALA,Base
9.675,76.60277778,KIDANGOOR,Base
20.10027778,73.27111111,OZERKHEDA,Base
8.158333333,77.46,ASHRAMAM,Base
24.96111111,76.29805556,Sangod,Base
24.3,79.85,GAISABAD,Base
33.99722222,74.81361111,KRALPORA,Base
34.19722222,74.76888889,FATEHPORA,Base
33.75833333,74.09555556,BAINCH,Base
18.81638889,80.35,Pathagudem,Base
26.25555556,79.59444444,BAHMAI,Base
25.83583333,78.37194444,CHANDPUR DABRA,Base
22.74638889,72.68027778,Kheda,Base
27.79305556,81.785,Madhwapur,Base
26.20972222,77.90222222,NEPARI,Base
30.03944444,79.55611111,Nandkeshri,Base
21.95583333,80.10916667,Magardharra,Base
16.82916667,81.75472222,Bateshwar,Base
23.48916667,80.19777778,Belkund at Ghughra,Base
22.53388889,73.13972222,Khanpur,Base
23.05194444,74.31972222,Chakaliya,Base
25.94555556,80.53138889,MANSURPUR,Base
25.23972222,80.66083333,BADAUSA,Base
25.04555556,79.18194444,SANJAY NAGAR,Base
25.46388889,87.96361111,BHALUKA,Base
25.13944444,80.47833333,BARCHA,Base
29.82805556,79.77138889,Bageshwar,Base
24.99166667,87.79888889,SARALPUR,Base
25.31638889,88.14416667,BAHIRGACHI,Base
24.23472222,88.26361111,JIAGANG,Base
21.29833333,76.23611111,BURHANPUR,Base
23.05638889,80.83722222,Narmada at Maalpur,Base
23.71805556,75.35388889,Tal,Base
25.21555556,76.24694444,Barod,Base
23.1725,75.75694444,Ujjain,Base
34.30305556,75.26277778,SONMARG,Base
33.95055556,74.92972222,RUMSHI,Base
33.79416667,75.0675,ARWANI,Base
33.80277778,75.03638889,WATCHI,Base
34.20833333,74.33638889,URI,Base
26.38833333,78.62305556,GATA,Base
20.26638889,85.9375,Bhingarpur ,Base
28.60388889,94.15472222,Mechuka,Base
24.04472222,87.27111111,TANTLOI,Base
21.75027778,80.03638889,Waraseoni,Base
27.13833333,93.75194444,Doimukh,Base
25.33388889,79.27916667,LAHCHURAGHAT,Base
22.18333333,79.05805556,Singodi,Base
27.58166667,91.98111111,Pangin,Base
26.01888889,89.82944444,Baladoba,Base
24.92416667,92.75333333,Borkhola,Base
20.49527778,80.02111111,Jogisakhra,Base
24.80388889,93.02055556,CHIRIPOOL,Base
24.90138889,92.9075,UDHARBOND,Base
24.81583333,92.64972222,Katigorah,Base
22.97916667,78.32083333,Tenduni at Maheshwar,Base
25.38777778,81.15444444,RAJAPUR,Base
26.43277778,77.90222222,JARAINA,Base
30.87416667,78.30333333,Kuthnuor,Base
28.30805556,94.96111111,Boleng,Base
9.719722222,76.77833333,KALATHUKADAVU,Base
21.26916667,79.16833333,Bina,Base
28.27277778,81.09083333,B.K.Ghat,Base
25.2475,79.29916667,BAROOD,Base
26.25361111,89.61583333,Suldaguri,Base
26.30111111,89.58472222,Shaladang,Base
26.41638889,89.54166667,Ambari,Base
19.73944444,78.56444444,Tharnam,Base
19.77916667,78.78138889,Kamgarpur,Base
10.42555556,77.53388889,Balasamudram,Base
17.36555556,79.03222222,VALIGONDA,Base
19.79611111,77.77305556,Mahagaon (Pus),Base
21.68972222,80.33361111,Piplatola (Dutta),Base
24.59388889,72.5625,Karoti,Base
20.61277778,80.20416667,Bhagwanpur (Kurkheda),Base
27.3925,94.77666667,Bogibil,Base
21.55055556,80.02666667,Mahalgaon,Base
24.60777778,92.61361111,Lala,Base
21.69277778,78.86333333,Bichhubaggu,Base
20.43305556,78.5975,Kapsi,Base
24.57805556,92.31388889,Patharkandi,Base
20.03361111,76.95833333,Asegaon,Base
19.54138889,77.57777778,Rui,Base
20.82666667,78.71777778,Belgaon (Selu),Base
24.78305556,92.41111111,Kaliganj,Base
23.48472222,91.3925,Sonamura-II,Base
24.28805556,72.49861111,Chitrasani,Base
22.99888889,91.72666667,Sabrum,Base
24.51583333,92.61055556,Muhammedpur,Base
28.99583333,80.10555556,Banbasa ,Base
22.60722222,80.70444444,Halon at Baratola,Base
22.58555556,78.45916667,Denwa at Matkuli,Base
22.74583333,78.15916667,Indra at Khapriya,Base
10.49805556,77.94583333,Lakshmanpatti,Base
27.58194444,92.43083333,METEOROLOGICAL STATION JANG,Base
19.0525,83.43527778,Brahmnihalua,Base
18.66222222,83.37027778,Seethanagaram,Base
27.11638889,93.63583333,Jollang ,Base
11.65083333,75.75833333,KUTTYADI,Base
9.027777778,76.92472222,NELLIPPALLI,Base
21.14083333,79.38972222,Mouda,Base
19.96444444,79.02666667,Purad,Base
23.47944444,75.63333333,Mahidpur,Base
8.498055556,77.0125,VELLAIKADAVU,Base
8.327777778,77.26694444,THIRUVATTAR,Base
12.71111111,75.46916667,PULIKUKKU,Base
20.95027778,70.45694444,Savni,Base
27.77333333,95.97583333,Pagoda,Base
25.05722222,87.83555556,RAJMAHAL,Base
8.42,77.0925,ARUVIPURAM,Base
17.06694444,73.45083333,Niivali,Base
9.227777778,76.7,THUMPAMON,Base
9.363888889,76.83777778,MADAMON,Base
27.25531389,94.73925278,Dihingmukh,Base
28.84527778,77.21277778,Palla,Base
26.86388889,89.00027778,DIANA,Base
27.50833333,88.525,Sankalan,Base
30.5876,77.46845556,Jateon Barrage,Base
27.11777778,83.42,Trimohinighat,Base
26.60319444,83.02888889,Mukhlispur,Base
23.99613056,91.98943889,Manughat,Base
26.87916667,88.77333333,NEORA,Base
27.61388889,92.02638889,Murga Bridge,Base
26.11277778,89.35,Singimari,Base
22.22777778,75.51833333,Karam at Dahiwar,Base
14.06666667,78.75527778,RAYACHOTI,Base
20.4375,85.88722222,Kathajori Rd.Bridge,Base
28.20128056,76.74375833,Masani,Base
24.87527778,92.57833333,Badarpur Ghat,Base
24.50305556,92.2175,Kadamtala,Base
22.98055556,76.34305556,Sonkatch,Base
11.52138889,77.51,Savandapur,Base
27.6625,80.45611111,Maholi,Base
9.983055556,76.61638889,Kakkadassery,Base
9.343333333,76.82916667,BANGLAMKADAVU,Base
25.63,75.22722222,Jahajpur,Base
19.1975,82.51194444,Nowrangpur,Base
22.83694444,78.60277778,Dudhi at Panagar,Base
12.555,78.13833333,GUMMANUR,Base
19.27722222,82.23305556,Kosagumda (Bhaskel),Base
24.06833333,75.08222222,Mandsour,Base
29.49277778,77.99,Shukratal,Base
30.51694444,78.75611111,Dhopaddhaar,Base
27.17777778,88.51333333,KHANITAR,Base
26.69555556,83.97944444,Chauhaan Patti,Base
24.71611111,92.885,TULARGRAM,Base
22.82388889,79.4575,Sher at Kacchara,Base
22.84194444,79.36166667,Machrewa at Bakori,Base
28.50861111,80.38444444,Kabir Ganj,Base
28.1125,80.83361111,Kukea,Base
21.7275,82.78805556,Basantpur,Base
21.88277778,83.40333333,Kelo at Raigarh,Base
14.02861111,79.28527778,Krishnagiri Dam,Base
16.08888889,78.83333333,Srisailam Dam,Base
9.403611111,76.41305556,CHAMPAKULAM,Base
30.41361111,79.36638889,Chhinka,Base
29.95944444,80.30444444,Bangapani (Munsyari),Base
21.69361111,83.37583333,Surajgarh,Base
23.70472222,85.1725,Hendegir,Base
27.55474,94.258893,Subansiri Lower Dam,Base
12.2,78.59166667,Sathanur Dam,Base
21.76777778,87.16416667,Rajghat,Base
13.73416667,80.17666667,Example-NSWDC,Base
11.43833333,77.68083333,BHAVANI BRIDGE,Base
10.84722222,78.68888889,SRI RANGAM,Base
17.24583333,81.65972222,Polavaram site,Base
11.36055556,77.74611111,PALLIPALAYAM/Erode,Base
21.50833333,83.89083333,BURLA,Base
25.18472222,86.10194444,Lakhisarai,Base
22.11527778,84.01111111,Sundergarh,Base
21.98138889,83.21055556,Kurubhata,Base
25.39551111,85.7044,Saksohra,Base
25.32083333,84.72277778,Paliganj,Base
25.64111111,85.01305556,Danapur,Base
30.21583333,77.39444444,WJC MLL,Base
26.56444444,84.43888889,Kukraha,Base
26.41861111,86.05336111,Kapasiya,Base
11.3153,76.19635,PERUVAMPADAM,Base
10.1813,76.5049,MALAYATTOOR KODANAD BRIDGE,Base
9.701111111,76.68222222,PALA,Base
9.3175,76.38638889,THOTTAPPALLY,Base
9.092377778,77.122,Achencoil,Base
9.783055556,76.87916667,KULAMAVU,Base
11.04083333,76.07805556,MALAPPUARAM CIVIL STATION,Base
8.441111111,77.11138889,PERUMKADAVILA,Base
12.51444444,75.01880556,VIDYA NAGAR,Base
11.41972222,76.24111111,AMBITTAMPOTTY,Base
8.975277778,77.14916667,Ariankavu,Base
9.73,76.97944444,UPPUTHARA,Base
9.387777778,77.15694444,KOCHUPAMPA,Base
9.1525,77.1525,VANDIPERIYAR,Base
22.47722222,83.21416667,Dharam jaigarh,Base
26.14444444,87.90638889,Moujabadi,Base
26.72055556,84.97222222,Lakhoura,Base
26.44694444,85.14111111,Madhuban,Base
25.59472222,85.68472222,Mohauddin Nagar,Base
11.32166667,76.89277778,Odendurai,Base
22.04472222,83.72916667,Gopalpur,Base
21.71694444,82.33833333,Jondhra,Base
29.49722222,78.76055556,Kalagarh ,Base
21.26194444,81.60583333,Raipur,Base
21.64722222,82.51611111,Rampur,Base
21.71833333,82.5975,Seorinarayan,Base
23.20138889,82.21444444,Manendragarh,Base
20.77833333,79.85138889,Ambgaon (Bagdi),Base
19.22333333,84.2625,Mahendragarh,Base
22.79138889,86.17361111,Adityapur,Base
26.52,86.93138889,Birpur,Base
8.8725,76.84666667,ARKKANNUR,Base
24.53013333,84.91681389,Dobhi,Base
14.61861111,79.56083333,DIPURU,Base
15.1125,78.93805556,Kalasapadu,Base
14.18888889,77.37222222,Nagalamedike,Base
24.96361111,86.23944444,Jamui,Base
30.25916667,79.21777778,Karnaprayag (P),Base
22.97083333,86.02083333,Rd.Bridge D/S of Chandil Dam,Base
21.90861111,82.71361111,Bamnidhi,Base
22.66527778,83.91055556,Thethetanger,Base
24.33111111,75.13777778,Tumri,Base
24.08638889,74.47555556,Dhariawad,Base
24.36888889,72.54555556,Sarotry ,Base
23.81305556,71.75333333,Kamalpur ,Base
21.28888889,82.65138889,Sankara,Base
22.39361111,82.70333333,Korba,Base
22.69722222,77.36638889,Kolar at Mahgaon,Base
22.73583333,80.51305556,Manot,Base
23.03055556,79.01527778,Barmanghat,Base
25.30078056,85.07335556,Masaurhi,Base
25.2825,86.295,Suryagadha,Base
22.21972222,86.90472222,Gopiballavpur,Base
21.73388889,86.63333333,Balimundali,Base
20.74722222,85.55555556,Kamakshya Nagar Rd. Bridge,Base
20.86166667,85.85972222,Bhuban Baji Rout Rd.Bridge,Base
19.45416667,84.70472222,Kurula,Base
19.61472222,83.55027778,Kutragada,Base
19.68472222,79.78861111,Ashti,Base
22.96166667,70.76444444,Gungan,Base
21.83388889,81.5975,Andhiyar Khore,Base
27.13555556,82.50055556,Chandradeepghat,Base
30.72833333,78.44583333,Uttarkashi-GSM,Base
23.20805556,88.73194444,BAJITPUR,Base
20.93777778,76.47388889, Purna at Yerli,Base
19.90444444,79.18361111,Dhanora (Wardha),Base
23.87222222,74.22416667,Rangeli,Base
23.75888889,74.13388889,Paderdibadi,Base
21.32083333,79.02444444,Patansaongi,Base
21.63305556,81.685,Simga,Base
22.04861111,82.22194444,Ghatora,Base
24.07,84.06555556,Bairiya,Base
25.57097222,85.56636389,Mahnar,Base
25.81231667,85.39279167,Mahua,Base
24.94121111,85.42776111,Nardiganj,Base
18.56944444,83.7375,Sankhili Rd Bridge,Base
18.77527778,84.17055556,Meliaputy,Base
14.43388889,75.77972222,BYALADAHALLI,Base
24.69138889,72.93194444,Swaroopganj,Base
21.23777778,81.25027778,Kotni,Base
25.35125,85.0905,Kolhachak,Base
24.86361111,85.47833333,Hisua,Base
24.98027778,87.33027778,Mahgama,Base
25.30194444,83.52722222,Zamania,Base
21.54083333,86.20111111,Keshdihi,Base
30.695,78.29722222,Brahmkhaal,Base
26.56194444,85.05583333,Chintawanpur,Base
26.04666667,86.34305556,Jhagarua,Base
25.61138889,86.60694444,Dhamaraghat,Base
26.30388889,86.57861111,Nirmali,Base
26.05944444,87.73722222,Rauta,Base
26.41027778,87.44972222,Sikti,Base
27.13027778,84.04833333,Bagaha,Base
26.41416667,85.4,Belsand,Base
22.88805556,88.40416667,CHICHURA,Base
26.18861111,85.95083333,Kakarghatti,Base
26.67305556,85.24944444,Bairgania,Base
27.17833333,83.96416667,Chhitaunighat,Base
20.42555556,78.87444444,Nagari,Base
23.58055556,76.46833333,Sarangpur,Base
25.71555556,85.65388889,Dalsingh Sarai,Base
26.78333333,84.74388889,Sugauli,Base
25.57472222,85.88666667,Bachhwara,Base
25.94138889,87.72055556,Amour,Base
23.45361111,88.75194444,BANPUR,Base
23.03444444,88.83194444,BANGAON,Base
20.91,81.88805556,Baronda,Base
21.34111111,81.59388889,Pathardihi,Base
24.13916667,88.69694444,BEDEPARA,Base
8.302222222,77.18861111,KUZHITHURAI,Base
19.86444444,79.125,Mungoli (Township),Base
25.68111111,76.48555556,Khatoli,Base
23.14472222,75.50861111,Dhareri,Base
22.10527778,84.85055556,Bolani,Base
21.8475,84.87583333,Bonaigarh,Base
21.52638889,84.7125,Purunagarh,Base
21.45777778,84.69166667,Gohira,Base
25.43027778,87.76722222,LABHA,Base
13.12861111,79.47861111,AYALAMBEDU,Base
21.69472222,83.27777778,KALMA,Base
18.86111111,83.45972222,Janjhavati Rd.Bridge,Base
25.51333333,85.19611111,Fatehpur,Base
24.88721944,86.93221944,Banka,Base
24.12222222,84.06333333,Kathautiya,Base
25.23305556,86.12277778,Manpur,Base
25.52694444,84.58638889,Udwantnagar,Base
21.772778,84.081667,Parmanpur,Base
24.934225,87.15047222,Ahiro,Base
24.88258611,85.54972222,Nawada,Base
25.66545,83.997725,Banjari,Base
25.20947222,84.98372222,Jehanabad,Base
25.74611111,85.02638889,Sitalpur,Base
24.52277778,83.58777778,Yadunathpur,Base
13.18333333,79.20805556,Narasingarayainpet,Base
23.50805556,88.54361111,CHAPRA,Base
22.10166667,75.68388889,kogaon,Base
24.7325,80.00694444,MADLA,Base
26.96083333,84.53527778,Chanpatia,Base
30.1442,78.6012,Devprayag (A),Base
23.08333333,87.93333333,Jamalpur,Base
26.87222222,88.61166667,GHISH,Base
21.55888889,80.465,Temni,Base
26.17694444,92.2175,Jagibhakatgaon,Base
23.23222222,88.70861111,KUTHIBARI,Base
22.00805556,78.93083333,Sarra,Base
20.27805556,80.28722222,Dhanora (Kathani),Base
20.81111111,78.59472222,Mondgaon (Yelakeli),Base
25.25305556,86.73444444,Sultanganj,Base
23.03444444,88.88083333,TARINIPUR,Base
24.0325,86.43305556,Nandadih1,Base
25.17972222,91.63527778,Shella,Base
30.28638889,78.9775,Rudraprayag (conf),Base
30.28805556,78.98416667,Rudraprayag (A),Base
30.28833333,78.97916667,Rudraprayag (M),Base
25.57111111,86.59111111,Badlaghat,Base
26.3725,87.23694444,Bathnaha,Base
20.12694444,79.00138889,Patala,Base
20.62138889,79.93722222,Sakhra (Wadsa),Base
21.89777778,79.23444444,Kokiwada,Base
26.79194444,84.27027778,Thakraha,Base
29.8275,80.14111111,Thal,Base
28.00888889,79.79638889,Dulha Dhakia,Base
25.50027778,83.87888889,Chousa,Base
24.46222222,83.23222222,NEGAI,Base
25.20777778,83.01138889,NARAYANPUR ,Base
25.53388889,83.22111111,Saidpur,Base
25.83555556,83.75416667,Kasmabad,Base
25.1325,82.88222222,Chunar,Base
24.16805556,81.89638889,MARVAS,Base
20.975,81.88111111,RAJIM,Base
21.83444444,84.91277778,Gomlai,Base
24.80388889,87.93111111,FARAKKA,Base
12.92888889,74.95388889,ADDOOR,Base
9.943611111,76.47833333,RAMAMANGALAM,Base
24.22194444,85.90111111,Barkisuriya,Base
28.15805556,81.09333333,Ramnagar Bagha,Base
22.505,79.57888889,Ganeshganj,Base
21.06416667,79.98694444,Sakoli Bridge,Base
24.99472222,88.14916667,ENGLISHBAZAR,Base
26.04027778,91.86583333,Byrnihat,Base
14.46567778,79.98446389,Nellore Telemetry,Base
13.79444444,79.70222222,Verupakshapuram,Base
13.33666667,80.14611111,Puduvayal,Base
25.47705278,91.31514444,Nongstoin-I (Mawthungkper),Base
25.21916667,91.24527778,Ranikor,Base
25.50773611,91.19601944,Risiang,Base
12.84777778,78.72111111,NARIYAMPATTU,Base
25.11055556,92.36277778,Sonapur,Base
12.98472222,79.26722222,THIRUVALAM,Base
23.71833333,92.79972222,Tuirial,Base
23.82611111,91.27277778,HAORA,Base
24.19305556,91.83583333,KAMALPUR,Base
24.09111111,88.24305556,BERHAMPORE,Base
32.53305556,76.93305556,GHOUSHAL,Base
27.27888889,88.59444444,Ranipool,Base
27.61361111,88.62888889, Rangma Range,Base
27.33083333,88.15194444,Upper Rimbi,Base
23.85694444,88.16583333,BAZARSAW [SEASONAL],Base
13.71805556,79.7925,Pallamala,Base
13.03916667,79.875,Poyyapakkam,Base
22.42277778,80.09277778,Nainpur,Base
19.99972222,74.01666667,Gangapur Dam ( State Govt. ),Base
17.37944444,80.13027778,Daredu,Base
24.15472222,88.46222222,ISLAMPUR [seasonal],Base
16.79027778,79.33861111,Halia,Base
17.43472222,79.41194444,Anantharam,Base
22.33444444,79.86166667,Mungapar,Base
26.23,94.26083333,Doyang Hep Reservoir,Base
21.62777778,85.63138889,Keonjhar,Base
31.45,77.63333333,RAMPUR,Base
32.69972222,76.64972222,UDAIPUR,Base
16.57277778,78.42333333,Suddakal,Base
16.25777778,77.84027778,K. Agraharam,Base
26.01611111,75.24972222,Devlia Khurd,Base
23.795,88.455,PALASIPARA,Base
22.06888889,85.67055556,Champua,Base
24.80222222,87.92166667,FARAKKA(HR),Base
24.11027778,76.40944444,Bangpura,Base
22.17861111,80.02472222,Sarekha,Base
23.22472222,88.37416667,KALNA (EBB),Base
32.55027778,76.97972222,TANDI,Base
32.44861111,77.86277778,HANSA,Base
31.80444444,78.64277778,Khab,Base
32.04666667,76.83305556,BAROT,Base
32.0425,78.08194444,GULLING,Base
31.99916667,78.57333333,Shalkhar,Base
31.4225,78.265,Sangla,Base
31.48083333,76.22111111,Ghaluwal,Base
32.71666667,76.66638889,MIYAR NALLAH,Base
22.04472222,79.16388889,Jhilmili,Base
23.22472222,88.37416667,KALNA (flow),Base
23.35527778,88.60611111,HANSKHALI,Base
19.99166667,79.87,Markhandadeo,Base
21.10972222,78.12944444,Bhishnur,Base
25.84583333,85.15444444,Lalganj,Base
24.4575,88.1375,BISWANATHPUR,Base
24.88861111,87.59472222,BERHAIT,Base
22.32472222,79.46805556,Bakhari,Base
25.39416667,75.77777778,Anthara,Base
30.53138889,79.74083333,Suraithota,Base
23.64861111,88.13888889,KATWA,Base
21.57944444,78.86583333,Lodhikheda,Base
27.58638889,80.00222222,Todarpur,Base
27.36777778,88.20722222,Yuksum,Base
22.76583333,80.62333333,Mohgaon,Base
25.185,75.935,Borkhandi,Base
30.77305556,78.60111111,Maneri,Base
29.30388889,78.79222222,Fica Barrage,Base
12.51027778,77.03666667,CHIKKARASINAKERE,Base
12.41194444,77.19277778,T.K.HALLI,Base
12.94333333,75.79388889,SAKLESHPUR,Base
28.06833333,79.63527778,FATEHGANJ (E),Base
27.27222222,79.95083333,Sandi,Base
13.05638889,75.96138889,JANNAPURA,Base
13.75416667,76.31972222,KELLODU,Base
24.39972222,78.17805556,SEMARKHEDI,Base
12.29611111,77.44083333,KOKKEDODDY,Base
14.23722222,75.6625,Honnali,Base
13.69722222,75.33555556,MAHISHI,Base
13.5225,75.30361111,HARIHARAPURA,Base
13.01222222,75.73361111,HADIGE,Base
13.69194444,75.24833333,TIRTHAHALLI ,Base
13.53472222,75.04916667,KOPPA,Base
11.79583333,76.00361111,MANANTHAVADY,Base
13.13777778,75.64194444,MUDIGERE,Base
13.42944444,75.25861111,SRINGERI,Base
12.48166667,75.79444444,HATTIHOLE,Base
12.42611111,75.72944444,MADIKERI ,Base
12.50694444,75.67416667,MADAPURA,Base
13.35138889,75.47138889,BALEHONNUR,Base
11.54972222,76.03972222,VYTHIRI,Base
12.58055556,75.8425,SOMWARPET,Base
13.60777778,75.50861111,NARASIMHARAJAPURA,Base
13.65222222,75.17916667,Kalmane,Base
12.49055556,75.77222222,MUKKODLU,Base
25.515,77.18111111,Kateela,Base
24.59083333,76.1875,Jhalawar,Base
13.70638889,75.64472222,LAKKAVALLI,Base
11.80805556,76.08416667,MUTHANKERA,Base
12.98527778,76.03777778,THIMMANAHALLI,Base
26.27527778,82.0667,Sultanpur,Base
28.385,80.55333333,Paliakalan,Base
15.87916667,75.72111111,Cholachagudda,Base
16.18138889,74.80111111,Gokak Falls,Base
14.5,75.63388889,KUPPELUR,Base
15.33861111,74.24833333,Collem,Base
16.22083333,73.59472222,Belne Bridge,Base
15.47083333,74.09916667,Ganjem,Base
16.93472222,73.51416667,Anjanari,Base
12.34722222,76.29222222,K.M. VADI,Base
13.16972222,75.87194444,BELUR,Base
10.99111111,78.51333333,Thandalaiputhur,Base
12.5025,75.96083333,KUDIGE,Base
12.66833333,77.04055556,THORESHETTAHALLI,Base
12.59861111,76.40055556,AKKIHEBBAL,Base
12.51111111,76.30305556,CHUNCHUNAKATTE,Base
21.91972222,69.48527778,Jamraval,Base
16.48361111,76.28444444,Talikot,Base
8.364166667,77.25888889,THIRUVARAMBU,Base
23.31166667,79.66277778,Patan,Base
10.72333333,76.40194444,KONDAZHY,Base
29.10305556,78.09861111,Basantpur_CWC,Base
26.85527778,80.05222222,Bilhaur,Base
30.47305556,78.63055556,Chamiyala,Base
30.74611111,79.49277778,Badrinath,Base
12.18222222,77.72388889,BILIGUNDULU,Base
11.12333333,76.67944444,KOTTATHARA,Base
12.82,76.14111111,M.H. HALLI,Base
12.23027778,76.89444444,T. NARASIPUR,Base
12.11416667,76.46305556,HOMMARAGALLI,Base
12.59551111,77.05653611,CHIKKAMALUR,Base
27.98083333,78.19916667,Atrauli,Base
12.50722222,77.42805556,T. BEKKUPE,Base
20.72666667,75.38388889,DUSKHEDE,Base
20.81666667,76.76388889,LOHARA,Base
13.92694444,75.585,Shimoga,Base
13.97638889,75.68527778,HOLEHONNUR,Base
28.97138889,78.82361111,Bhojpur,Base
28.61805556,79.79166667,Pilibhit,Base
28.49694444,79.25444444,Dhaneta,Base
28.74444444,79.92777778,Sehramau (South),Base
28.68138889,79.33777778,Shergarh,Base
24.92472222,82.25777778,LALGANJ,Base
24.96361111,81.82472222,Kairi,Base
24.31722222,82.27222222,SOHAR,Base
23.96916667,80.6125,VIJAY RAGHAVGARH,Base
25.15166667,81.98222222,Kohdarghat,Base
19.41666667,79.97222222,Tekra (Aheri-Gudem Bridge) ,Base
29.60611111,79.09277778,Marchula,Base
14.83055556,75.67444444,Haralahalli,Base
20.95388889,81.29361111,Gunderdehi,Base
18.62027778,82.87166667,Sirimoda,Base
21.815,77.77361111,TESKA,Base
14.93888889,75.61805556,Marol,Base
14.60583333,75.80527778,Airani,Base
20.80916667,84.61333333,Arampur,Base
22.6,82.58,Bango dam,Base
21.55388889,83.97222222,Jamadarpali,Base
25.06055556,92.38388889,Umkiang,Base
9.908888889,76.69611111,MANAKKAD,Base
10.03944444,76.61638889,PALLIPPADY,Base
10.7775,76.51222222,PUDUR,Base
9.531111111,76.91222222,MANIKAL,Base
22.49166667,82.53861111,Kataghora,Base
15.57305556,75.37305556,Navalgund,Base
20.42861111,86.09055556,Kishan Nagar ,Base
9.574444444,76.88611111,PULLAKKAYAR,Base
22.265,73.72722222,BODELI,Base
22.05,73.46527778,CHANWADA,Base
19.7125,72.93055556,DURVESH,Base
21.01444444,73.14027778,MAHUWA,Base
20.85611111,72.98472222,GADAT,Base
22.11083333,73.07861111,PINGALWADA,Base
21.23777778,72.96333333,MOTINAROLI,Base
24.32388889,72.86111111,Ambaji,Base
10.425,76.23777778,PALAKADAVU,Base
21.87777778,73.46611111,RAJPIPLA,Base
21.14944444,75.23194444,SAVKHEDA,Base
21.06833333,75.78027778,BHUSAWAL,Base
20.84555556,77.36055556,LAKHPURI,Base
12.31444444,75.69861111,NAPOKLU,Base
13.06916667,75.68,BETTADAMANE,Base
29.48694444,79.14222222,Garjia,Base
20.70305556,77.24277778,KURANKHEDA,Base
20.86555556,84.31333333,Boudh,Base
21.91611111,82.0025,Maniyari ,Base
13.9825,76.74916667,HOOVINAHOLE,Base
20.65694444,82.03888889,MALGAON,Base
20.20361111,85.85527778,Balakati ,Base
20.03916667,85.87916667,Balanga ,Base
20.20305556,85.86166667,Daya Rd.Bridge ,Base
20.3575,86.22944444,Tarpur ,Base
10.67777778,76.20055556,KOTTAPURAM,Base
28.38861111,79.65,Jyoti Jagir,Base
29.74166667,79.24694444,Naula,Base
29.04166667,79.76638889,Sitarganj,Base
